{"metadata":{"asset_id":"18f65c0b-b5c9-44fc-ab9e-ebc8c82a4989","asset_attributes":["notebook"],"name":"Data Collection API","asset_type":"notebook","created_at":"2022-08-02T16:11:11Z","description":"","origin_country":"us","owner_id":"IBMid-664003MJV8","project_id":"db61be61-9918-4211-8c9f-0b1d0145c305","size":480243,"tags":["notebook"],"usage":{"last_update_time":1659557319059,"last_updated_at":"2022-08-03T20:08:39Z"}},"entity":{"notebook":{"kernel":{"name":"python3","display_name":"Python 3.9","language":"python"},"originates_from":{"type":"blank"},"runtime":{"environment":"conda2rt221-db61be61-9918-4211-8c9f-0b1d0145c305"}},"location_definition":{"physical_location_code":"DAL","physical_location_code_assigned_by":"IBMid-664003MJV8","physical_location_code_rds_id":"c57cb90f-2126-3800-9c9f-9eab82021cdf","physical_location_code_rds_version":"00002022-0731-4160-8521-122580000000_2","physical_location_code_assignment_method":"INFERRED","physical_location_code_added_on":"1659456617940"}},"attachments":[{"id":"43dcf71c-a1fa-45ca-bd3d-d7a49b6da1f0","version":2,"asset_type":"notebook","name":"attachment for notebook 18f65c0b-b5c9-44fc-ab9e-ebc8c82a4989","description":"attachment for notebook 18f65c0b-b5c9-44fc-ab9e-ebc8c82a4989","mime":"application/json","datasource_type":"193a97c1-4475-4a19-b90c-295c4fdc6517","object_key":"notebook/Data_Collection_API_s7YZiErpV.ipynb","creator_id":"IBMid-664003MJV8","create_time":1659456673193,"size":480243,"is_remote":false,"is_managed":false,"is_referenced":true,"is_object_key_read_only":false,"is_user_provided_path_key":true,"transfer_complete":true,"is_partitioned":false,"complete_time_ticks":1659456673193,"user_data":{},"test_doc":0,"handle":{"bucket":"capstonedatascienceproject-donotdelete-pr-pjt2uqkccn4ykn","location":"us-geo","key":"notebook/Data_Collection_API_s7YZiErpV.ipynb","upload_id":"done","max_part_num":1},"usage":{"access_count":18,"last_accessor_id":"IBMid-664003MJV8","last_access_time":1659557319057,"last_updater_id":"IBMid-664003MJV8","last_update_time":1659557319057}}]}
