{"metadata":{"asset_id":"e081f82d-0c2d-4e5a-8c58-18d9756faeed","asset_attributes":["notebook"],"name":"Folium","asset_type":"notebook","created_at":"2022-08-05T19:35:06Z","description":"","origin_country":"us","owner_id":"IBMid-664003MJV8","project_id":"db61be61-9918-4211-8c9f-0b1d0145c305","size":20458,"tags":["notebook"],"usage":{"last_update_time":1659728107430,"last_updated_at":"2022-08-05T19:35:07Z"}},"entity":{"notebook":{"kernel":"","originates_from":{"type":"blank"},"runtime":{"environment":"spark32py39-db61be61-9918-4211-8c9f-0b1d0145c305"}},"location_definition":{"physical_location_code":"DAL","physical_location_code_assigned_by":"IBMid-664003MJV8","physical_location_code_rds_id":"c57cb90f-2126-3800-9c9f-9eab82021cdf","physical_location_code_rds_version":"00002022-0731-4160-8521-122580000000_2","physical_location_code_assignment_method":"INFERRED","physical_location_code_added_on":"1659456617940"}},"attachments":[{"id":"5c2f6c2c-c71c-4944-99ee-ff137f03cd26","version":2,"asset_type":"notebook","name":"attachment for notebook e081f82d-0c2d-4e5a-8c58-18d9756faeed","description":"attachment for notebook e081f82d-0c2d-4e5a-8c58-18d9756faeed","mime":"application/json","datasource_type":"193a97c1-4475-4a19-b90c-295c4fdc6517","object_key":"notebook/Folium_Ms7yf-5D1.ipynb","creator_id":"IBMid-664003MJV8","create_time":1659728107429,"size":20458,"is_remote":false,"is_managed":false,"is_referenced":true,"is_object_key_read_only":false,"is_user_provided_path_key":true,"transfer_complete":true,"is_partitioned":false,"complete_time_ticks":1659728107429,"user_data":{},"test_doc":0,"handle":{"bucket":"capstonedatascienceproject-donotdelete-pr-pjt2uqkccn4ykn","location":"us-geo","key":"notebook/Folium_Ms7yf-5D1.ipynb","upload_id":"done","max_part_num":1},"usage":{"access_count":0,"last_accessor_id":"IBMid-664003MJV8","last_access_time":1659728107429}}]}
