{"metadata":{"asset_id":"cbb1aa01-6db5-4554-8123-bf089b417154","asset_attributes":["notebook"],"name":"EDA Visualization","asset_type":"notebook","created_at":"2022-08-04T20:17:28Z","description":"","origin_country":"us","owner_id":"IBMid-664003MJV8","project_id":"db61be61-9918-4211-8c9f-0b1d0145c305","size":221860,"tags":["notebook"],"usage":{"last_update_time":1659648524389,"last_updated_at":"2022-08-04T21:28:44Z"}},"entity":{"notebook":{"kernel":{"name":"python3","display_name":"Python 3.9","language":"python"},"originates_from":{"type":"blank"},"runtime":{"environment":"conda2rt221-db61be61-9918-4211-8c9f-0b1d0145c305"}},"location_definition":{"physical_location_code":"DAL","physical_location_code_assigned_by":"IBMid-664003MJV8","physical_location_code_rds_id":"c57cb90f-2126-3800-9c9f-9eab82021cdf","physical_location_code_rds_version":"00002022-0731-4160-8521-122580000000_2","physical_location_code_assignment_method":"INFERRED","physical_location_code_added_on":"1659456617940"}},"attachments":[{"id":"db2b9b94-5b2e-4e86-9cab-41ea75535f95","version":2,"asset_type":"notebook","name":"attachment for notebook cbb1aa01-6db5-4554-8123-bf089b417154","description":"attachment for notebook cbb1aa01-6db5-4554-8123-bf089b417154","mime":"application/json","datasource_type":"193a97c1-4475-4a19-b90c-295c4fdc6517","object_key":"notebook/EDA_Visualization_wqGqzJp1u.ipynb","creator_id":"IBMid-664003MJV8","create_time":1659644248615,"size":221860,"is_remote":false,"is_managed":false,"is_referenced":true,"is_object_key_read_only":false,"is_user_provided_path_key":true,"transfer_complete":true,"is_partitioned":false,"complete_time_ticks":1659644248615,"user_data":{},"test_doc":0,"handle":{"bucket":"capstonedatascienceproject-donotdelete-pr-pjt2uqkccn4ykn","location":"us-geo","key":"notebook/EDA_Visualization_wqGqzJp1u.ipynb","upload_id":"done","max_part_num":1},"usage":{"access_count":30,"last_accessor_id":"IBMid-664003MJV8","last_access_time":1659648522483,"last_updater_id":"IBMid-664003MJV8","last_update_time":1659648522483}}]}
