{"metadata":{"asset_id":"57c53b3e-f192-4b56-a5f0-1649d67b05bd","asset_attributes":["notebook"],"name":"Web Scraping","asset_type":"notebook","created_at":"2022-08-03T20:10:18Z","description":"","origin_country":"us","owner_id":"IBMid-664003MJV8","project_id":"db61be61-9918-4211-8c9f-0b1d0145c305","size":2372623,"tags":["notebook"],"usage":{"last_update_time":1659560113807,"last_updated_at":"2022-08-03T20:55:13Z"}},"entity":{"notebook":{"kernel":{"name":"python3","display_name":"Python 3.9","language":"python"},"originates_from":{"type":"blank"},"runtime":{"environment":"conda2rt221-db61be61-9918-4211-8c9f-0b1d0145c305"}},"location_definition":{"physical_location_code":"DAL","physical_location_code_assigned_by":"IBMid-664003MJV8","physical_location_code_rds_id":"c57cb90f-2126-3800-9c9f-9eab82021cdf","physical_location_code_rds_version":"00002022-0731-4160-8521-122580000000_2","physical_location_code_assignment_method":"INFERRED","physical_location_code_added_on":"1659456617940"}},"attachments":[{"id":"fe10517e-71f4-49a9-bab6-cc0a548bb132","version":2,"asset_type":"notebook","name":"attachment for notebook 57c53b3e-f192-4b56-a5f0-1649d67b05bd","description":"attachment for notebook 57c53b3e-f192-4b56-a5f0-1649d67b05bd","mime":"application/json","datasource_type":"193a97c1-4475-4a19-b90c-295c4fdc6517","object_key":"notebook/Web_Scraping_ApYDW4BMv.ipynb","creator_id":"IBMid-664003MJV8","create_time":1659557419200,"size":2372623,"is_remote":false,"is_managed":false,"is_referenced":true,"is_object_key_read_only":false,"is_user_provided_path_key":true,"transfer_complete":true,"is_partitioned":false,"complete_time_ticks":1659557419200,"user_data":{},"test_doc":0,"handle":{"bucket":"capstonedatascienceproject-donotdelete-pr-pjt2uqkccn4ykn","location":"us-geo","key":"notebook/Web_Scraping_ApYDW4BMv.ipynb","upload_id":"done","max_part_num":1},"usage":{"access_count":21,"last_accessor_id":"IBMid-664003MJV8","last_access_time":1659560106740,"last_updater_id":"IBMid-664003MJV8","last_update_time":1659560106740}}]}
